-- phpMyAdmin SQL Dump
-- version 5.2.1
-- https://www.phpmyadmin.net/
--
-- Servidor: 127.0.0.1
-- Tiempo de generación: 19-10-2023 a las 03:52:45
-- Versión del servidor: 10.4.28-MariaDB
-- Versión de PHP: 8.2.4

SET SQL_MODE = "NO_AUTO_VALUE_ON_ZERO";
START TRANSACTION;
SET time_zone = "+00:00";


/*!40101 SET @OLD_CHARACTER_SET_CLIENT=@@CHARACTER_SET_CLIENT */;
/*!40101 SET @OLD_CHARACTER_SET_RESULTS=@@CHARACTER_SET_RESULTS */;
/*!40101 SET @OLD_COLLATION_CONNECTION=@@COLLATION_CONNECTION */;
/*!40101 SET NAMES utf8mb4 */;

--
-- Base de datos: `hotel_ideal`
--

--
-- Volcado de datos para la tabla `habitacion`
--

INSERT INTO `habitacion` (`id_habitacion`, `nroHabitacion`, `descripcion`, `id_tipoDeHabitacion`, `piso`, `estado`) VALUES
(1, 1, 0, 1, 1, 1),
(2, 2, 0, 1, 1, 1),
(3, 3, 0, 1, 1, 1),
(4, 4, 0, 1, 1, 1),
(5, 5, 0, 1, 1, 1),
(6, 6, 0, 1, 1, 1),
(7, 7, 0, 1, 1, 1),
(8, 8, 0, 1, 1, 1),
(9, 9, 0, 1, 1, 1),
(10, 10, 0, 1, 2, 1),
(11, 11, 0, 1, 2, 1),
(12, 12, 0, 1, 2, 1),
(13, 13, 0, 1, 2, 1),
(14, 14, 0, 1, 2, 1),
(15, 15, 0, 1, 2, 1),
(16, 16, 0, 1, 2, 1),
(17, 17, 0, 1, 2, 1),
(18, 18, 0, 1, 2, 1),
(19, 19, 0, 1, 2, 1),
(20, 20, 0, 1, 2, 1),
(21, 21, 0, 1, 3, 1),
(22, 22, 0, 1, 3, 1),
(23, 23, 0, 1, 3, 1),
(24, 24, 0, 1, 3, 1),
(25, 25, 0, 1, 3, 1),
(26, 26, 0, 1, 3, 1),
(27, 27, 0, 1, 3, 1),
(28, 28, 0, 1, 3, 1),
(29, 29, 0, 1, 3, 1),
(30, 30, 0, 1, 3, 1),
(31, 31, 0, 1, 4, 1),
(32, 32, 0, 1, 4, 1),
(33, 33, 0, 1, 4, 1),
(34, 34, 0, 1, 4, 1),
(35, 35, 0, 1, 4, 1),
(36, 36, 0, 1, 4, 1),
(37, 37, 0, 1, 4, 1),
(38, 38, 0, 1, 4, 1),
(39, 39, 0, 1, 4, 1),
(40, 40, 0, 1, 4, 1),
(41, 41, 0, 1, 5, 1),
(42, 42, 0, 1, 5, 1),
(43, 43, 0, 1, 5, 1),
(44, 44, 0, 1, 5, 1),
(45, 45, 0, 1, 5, 1),
(46, 46, 0, 1, 5, 1),
(47, 47, 0, 1, 5, 1),
(48, 48, 0, 1, 5, 1),
(49, 49, 0, 1, 5, 1),
(50, 50, 0, 1, 5, 1),
(51, 51, 0, 1, 6, 1),
(52, 52, 0, 1, 6, 1),
(53, 53, 0, 1, 6, 1),
(54, 54, 0, 1, 6, 1),
(55, 55, 0, 1, 6, 1),
(56, 56, 0, 1, 6, 1),
(57, 57, 0, 1, 6, 1),
(58, 58, 0, 1, 6, 1),
(59, 59, 0, 1, 6, 1),
(60, 60, 0, 1, 6, 1),
(61, 61, 0, 1, 7, 1),
(62, 62, 0, 1, 7, 1),
(63, 63, 0, 1, 7, 1),
(64, 64, 0, 1, 7, 1),
(65, 65, 0, 1, 7, 1),
(66, 66, 0, 1, 7, 1),
(67, 67, 0, 1, 7, 1),
(68, 68, 0, 1, 7, 1),
(69, 69, 0, 1, 7, 1),
(70, 70, 0, 1, 7, 1),
(71, 71, 0, 1, 8, 1),
(72, 72, 0, 1, 8, 1),
(73, 73, 0, 1, 8, 1),
(74, 74, 0, 1, 8, 1),
(75, 75, 0, 1, 8, 1),
(76, 76, 0, 1, 8, 1),
(77, 77, 0, 1, 8, 1),
(78, 78, 0, 1, 8, 1),
(79, 79, 0, 1, 8, 1),
(80, 80, 0, 1, 8, 1),
(81, 81, 0, 1, 9, 1),
(82, 82, 0, 1, 9, 1),
(83, 83, 0, 1, 9, 1),
(84, 84, 0, 1, 9, 1),
(85, 85, 0, 1, 9, 1),
(86, 86, 0, 1, 9, 1),
(87, 87, 0, 1, 9, 1),
(88, 88, 0, 1, 9, 1),
(89, 89, 0, 1, 9, 1),
(90, 90, 0, 1, 9, 1),
(91, 91, 0, 1, 10, 1),
(92, 92, 0, 1, 10, 1),
(93, 93, 0, 1, 10, 1),
(94, 94, 0, 1, 10, 1),
(95, 95, 0, 1, 10, 1),
(96, 96, 0, 1, 10, 1),
(97, 97, 0, 1, 10, 1),
(98, 98, 0, 1, 10, 1),
(99, 99, 0, 1, 10, 1),
(100, 100, 0, 1, 10, 1),
(101, 101, 0, 2, 11, 1),
(102, 102, 0, 2, 11, 1),
(103, 103, 0, 2, 11, 1),
(104, 104, 0, 2, 11, 1),
(105, 105, 0, 2, 11, 1),
(106, 106, 0, 2, 12, 1),
(107, 107, 0, 2, 12, 1),
(108, 108, 0, 2, 12, 1),
(109, 109, 0, 2, 12, 1),
(110, 110, 0, 2, 12, 1),
(111, 111, 0, 2, 13, 1),
(112, 112, 0, 2, 13, 1),
(113, 113, 0, 2, 13, 1),
(114, 114, 0, 2, 13, 1),
(115, 115, 0, 2, 13, 1),
(116, 116, 0, 2, 14, 1),
(117, 117, 0, 2, 14, 1),
(118, 118, 0, 2, 14, 1),
(119, 119, 0, 2, 14, 1),
(120, 120, 0, 2, 14, 1),
(121, 121, 0, 2, 15, 1),
(122, 122, 0, 2, 15, 1),
(123, 123, 0, 2, 15, 1),
(124, 124, 0, 2, 15, 1),
(125, 125, 0, 2, 15, 1),
(126, 126, 0, 3, 16, 1),
(127, 127, 0, 3, 16, 1),
(128, 128, 0, 3, 16, 1),
(129, 129, 0, 1, 16, 1),
(130, 130, 0, 3, 17, 1),
(131, 131, 0, 3, 17, 1),
(132, 132, 0, 3, 17, 1),
(133, 133, 0, 1, 17, 1),
(134, 134, 0, 3, 18, 1),
(135, 135, 0, 3, 18, 1),
(136, 136, 0, 3, 18, 1),
(137, 137, 0, 2, 18, 1),
(138, 138, 0, 4, 19, 1),
(139, 139, 0, 4, 19, 1),
(140, 140, 0, 2, 19, 1),
(141, 141, 0, 4, 20, 1),
(142, 142, 0, 4, 20, 1),
(143, 143, 0, 2, 20, 1);

--
-- Volcado de datos para la tabla `huesped`
--

INSERT INTO `huesped` (`id_huesped`, `dni`, `apellido`, `nombre`, `domicilio`, `celular`, `correo`, `estado`) VALUES
(1, '38765432', 'Gómez', 'María', 'Avenida 456', '117654321', 'maria@gmail.com', 1),
(2, '42077123', 'Nelida', 'Ana', 'Avenida 78', '221598732', 'Ana@gmail.com', 1),
(3, '42077343', 'Ramirez', 'Matias', 'Avenida 624', '221598745', 'Matias@gmail.com', 1);

--
-- Volcado de datos para la tabla `reserva`
--

INSERT INTO `reserva` (`idReserva`, `id_habitacion`, `id_huesped`, `fechaIngreso`, `ingreso`, `fechaSalida`, `salida`, `precio`, `cant_personas`, `estado`) VALUES
(1, 1, 2, '2022-07-19', 1, '2022-07-28', '2022-07-28', 90, 1, 0),
(2, 142, 2, '2023-08-12', 1, '2023-08-19', '2023-08-19', 3500, 4, 0),
(3, 112, 3, '2023-08-12', 1, '2023-08-19', '2023-08-19', 160, 2, 0),
(4, 8, 2, '2023-10-16', 1, '2023-10-28', '0001-01-01', 120, 1, 1),
(5, 14, 3, '2023-10-16', 0, '2023-10-21', '0001-01-01', 50, 1, 0);

--
-- Volcado de datos para la tabla `tipodehabitacion`
--

INSERT INTO `tipodehabitacion` (`id_tipoDeHabitacion`, `descripcion`, `precioNoche`, `cantKing`, `cantQueen`, `cantSimple`, `cantPersonas`, `estado`) VALUES
(1, 'Simple', 10, 0, 0, 1, 1, 1),
(2, 'Doble', 20, 0, 1, 0, 2, 1),
(3, 'Triple', 30, 0, 1, 1, 3, 1),
(4, 'Suite Lujo', 50, 1, 0, 2, 4, 1);
COMMIT;

/*!40101 SET CHARACTER_SET_CLIENT=@OLD_CHARACTER_SET_CLIENT */;
/*!40101 SET CHARACTER_SET_RESULTS=@OLD_CHARACTER_SET_RESULTS */;
/*!40101 SET COLLATION_CONNECTION=@OLD_COLLATION_CONNECTION */;
